<?xml version="1.0" encoding="UTF-8"?>
<document type="com.apple.InterfaceBuilder3.CocoaTouch.Storyboard.XIB" version="3.0" toolsVersion="19529" targetRuntime="iOS.CocoaTouch" propertyAccessControl="none" useAutolayout="YES" useTraitCollections="YES" useSafeAreas="YES" colorMatched="YES" initialViewController="zhf-ol-7i7">
    <device id="retina6_1" orientation="portrait" appearance="light"/>
    <dependencies>
        <plugIn identifier="com.apple.InterfaceBuilder.IBCocoaTouchPlugin" version="19519"/>
        <capability name="Safe area layout guides" minToolsVersion="9.0"/>
        <capability name="System colors in document resources" minToolsVersion="11.0"/>
        <capability name="documents saved in the Xcode 8 format" minToolsVersion="8.0"/>
    </dependencies>
    <scenes>
        <!--Map View Controller-->
        <scene sceneID="Q1e-BP-xHW">
            <objects>
                <viewController id="93z-me-Nec" customClass="MapViewController" customModule="RideSharer" customModuleProvider="target" sceneMemberID="viewController">
                    <view key="view" contentMode="scaleToFill" id="l72-g3-mIX">
                        <rect key="frame" x="0.0" y="0.0" width="414" height="896"/>
                        <autoresizingMask key="autoresizingMask" widthSizable="YES" heightSizable="YES"/>
                        <subviews>
                            <mapView clipsSubviews="YES" multipleTouchEnabled="YES" contentMode="scaleToFill" mapType="standard" translatesAutoresizingMaskIntoConstraints="NO" id="TRI-55-aaq">
                                <rect key="frame" x="0.0" y="88" width="414" height="774"/>
                            </mapView>
                        </subviews>
                        <viewLayoutGuide key="safeArea" id="KcG-D5-2mR"/>
                        <color key="backgroundColor" systemColor="systemBackgroundColor"/>
                        <constraints>
                            <constraint firstItem="TRI-55-aaq" firstAttribute="leading" secondItem="KcG-D5-2mR" secondAttribute="leading" id="30Q-8y-slK"/>
                            <constraint firstItem="KcG-D5-2mR" firstAttribute="bottom" secondItem="TRI-55-aaq" secondAttribute="bottom" id="8Jl-ul-blO"/>
                            <constraint firstItem="KcG-D5-2mR" firstAttribute="trailing" secondItem="TRI-55-aaq" secondAttribute="trailing" id="WKm-JG-42X"/>
                            <constraint firstItem="TRI-55-aaq" firstAttribute="top" secondItem="KcG-D5-2mR" secondAttribute="top" id="lHH-6L-vIv"/>
                        </constraints>
                    </view>
                    <navigationItem key="navigationItem" id="a8J-GL-ACx"/>
                    <connections>
                        <outlet property="mapView" destination="TRI-55-aaq" id="ZO4-F6-Y0p"/>
                    </connections>
                </viewController>
                <placeholder placeholderIdentifier="IBFirstResponder" id="YPk-mo-08m" userLabel="First Responder" customClass="UIResponder" sceneMemberID="firstResponder"/>
            </objects>
            <point key="canvasLocation" x="772" y="0.0"/>
        </scene>
        <!--Navigation Controller-->
        <scene sceneID="1Hh-NU-j6U">
            <objects>
                <navigationController automaticallyAdjustsScrollViewInsets="NO" id="zhf-ol-7i7" sceneMemberID="viewController">
                    <toolbarItems/>
                    <navigationBar key="navigationBar" contentMode="scaleToFill" id="YfY-Mv-UrJ">
                        <rect key="frame" x="0.0" y="44" width="414" height="44"/>
                        <autoresizingMask key="autoresizingMask"/>
                    </navigationBar>
                    <nil name="viewControllers"/>
                    <connections>
                        <segue destination="93z-me-Nec" kind="relationship" relationship="rootViewController" id="apO-wB-kPq"/>
                    </connections>
                </navigationController>
                <placeholder placeholderIdentifier="IBFirstResponder" id="1fD-vw-iUe" userLabel="First Responder" customClass="UIResponder" sceneMemberID="firstResponder"/>
            </objects>
            <point key="canvasLocation" x="-197.10144927536234" y="0.0"/>
        </scene>
    </scenes>
    <resources>
        <systemColor name="systemBackgroundColor">
            <color white="1" alpha="1" colorSpace="custom" customColorSpace="genericGamma22GrayColorSpace"/>
        </systemColor>
    </resources>
</document>
